user_id,sessions_last_month
1,12
2,14
3,9
4,5
5,1
6,1
7,5
8,2
9,12
10,1
11,3
12,9
13,5
14,4
15,4
16,9
17,4
18,4
19,11
20,1
21,11
22,5
23,6
24,9
25,5
26,14
27,4
28,14
29,11
30,5
31,2
32,3
33,3
34,19
35,14
36,11
37,3
38,14
39,1
40,3
41,2
42,6
43,10
44,8
45,9
46,4
47,5
48,2
49,14
50,11
51,8
52,3
53,15
54,8
55,8
56,5
57,14
58,6
59,3
60,10
61,1
62,9
63,9
64,11
65,10
66,16
67,9
68,14
69,8
70,8
71,17
72,5
73,16
74,9
75,14
76,0
77,4
78,7
79,1
80,12
81,16
82,7
83,13
84,6
85,7
86,11
87,4
88,15
89,4
90,14
91,7
92,2
93,15
94,13
95,3
96,7
97,3
98,3
99,13
100,9
101,6
102,8
103,10
104,14
105,2
106,1
107,4
108,1
109,15
110,2
111,4
112,1
113,7
114,13
115,9
116,9
117,5
118,12
119,4
120,12
121,7
122,5
123,13
124,9
125,7
126,8
127,4
128,12
129,11
130,12
131,14
132,4
133,17
134,2
135,18
136,7
137,12
138,2
139,15
140,3
141,11
142,7
143,12
144,8
145,9
146,0
147,2
148,10
149,6
150,11
151,2
152,8
153,10
154,8
155,3
156,1
157,17
158,12
159,2
160,17
161,12
162,6
163,10
164,2
165,3
166,7
167,9
168,2
169,5
170,16
171,4
172,2
173,3
174,3
175,10
176,8
177,9
178,4
179,3
180,11
181,11
182,7
183,2
184,10
185,2
186,9
187,9
188,6
189,1
190,8
191,7
192,2
193,1
194,2
195,6
196,2
197,7
198,7
199,13
200,8
201,13
202,2
203,4
204,3
205,16
206,1
207,7
208,9
209,15
210,1
211,1
212,5
213,6
214,13
215,7
216,2
217,2
218,2
219,11
220,10
221,6
222,9
223,3
224,17
225,10
226,7
227,14
228,5
229,3
230,4
231,7
232,9
233,6
234,9
235,9
236,17
237,4
238,10
239,1
240,14
241,9
242,6
243,12
244,11
245,10
246,3
247,2
248,1
249,3
250,2
251,9
252,8
253,16
254,9
255,14
256,14
257,11
258,9
259,3
260,5
261,12
262,6
263,1
264,3
265,0
266,13
267,3
268,16
269,8
270,13
271,10
272,12
273,2
274,8
275,11
276,13
277,11
278,3
279,9
280,9
281,2
282,4
283,2
284,2
285,3
286,2
287,10
288,3
289,6
290,9
291,5
292,6
293,11
294,14
295,3
296,14
297,15
298,2
299,3
300,13
301,4
302,15
303,1
304,7
305,7
306,6
307,1
308,3
309,18
310,14
311,1
312,2
313,2
314,12
315,3
316,11
317,12
318,9
319,4
320,4
321,10
322,8
323,4
324,9
325,5
326,5
327,3
328,9
329,14
330,2
331,6
332,6
333,1
334,14
335,9
336,5
337,2
338,9
339,5
340,14
341,8
342,10
343,18
344,10
345,3
346,0
347,3
348,11
349,2
350,8
351,4
352,4
353,8
354,12
355,4
356,3
357,10
358,3
359,2
360,15
361,2
362,11
363,1
364,3
365,0
366,4
367,0
368,4
369,11
370,1
371,15
372,11
373,9
374,3
375,11
376,4
377,5
378,11
379,12
380,5
381,3
382,6
383,3
384,9
385,9
386,10
387,8
388,13
389,8
390,10
391,3
392,11
393,2
394,15
395,10
396,9
397,2
398,4
399,7
400,13
401,7
402,11
403,2
404,6
405,15
406,5
407,3
408,5
409,9
410,12
411,14
412,11
413,9
414,3
415,12
416,15
417,11
418,9
419,7
420,1
421,8
422,4
423,2
424,4
425,3
426,2
427,5
428,8
429,2
430,3
431,4
432,2
433,0
434,8
435,2
436,16
437,4
438,8
439,12
440,11
441,7
442,0
443,2
444,10
445,7
446,7
447,8
448,0
449,9
450,9
451,8
452,4
453,16
454,3
455,5
456,14
457,1
458,5
459,4
460,4
461,0
462,2
463,5
464,6
465,4
466,6
467,3
468,2
469,15
470,12
471,7
472,20
473,12
474,7
475,4
476,5
477,2
478,3
479,5
480,11
481,12
482,3
483,12
484,2
485,5
486,16
487,10
488,4
489,11
490,5
491,7
492,2
493,1
494,4
495,2
496,2
497,9
498,7
499,17
500,7
501,9
502,3
503,3
504,9
505,11
506,4
507,5
508,6
509,4
510,16
511,8
512,3
513,2
514,1
515,3
516,11
517,15
518,8
519,5
520,7
521,6
522,8
523,8
524,7
525,7
526,6
527,15
528,4
529,12
530,3
531,8
532,8
533,5
534,10
535,8
536,2
537,9
538,7
539,11
540,9
541,8
542,3
543,4
544,4
545,12
546,6
547,2
548,9
549,8
550,7
551,3
552,4
553,3
554,3
555,4
556,13
557,9
558,2
559,6
560,11
561,2
562,10
563,5
564,4
565,13
566,5
567,9
568,5
569,12
570,9
571,2
572,2
573,9
574,10
575,5
576,13
577,7
578,14
579,10
580,6
581,10
582,5
583,0
584,9
585,8
586,2
587,2
588,3
589,14
590,14
591,6
592,11
593,15
594,1
595,15
596,13
597,9
598,11
599,11
600,7
601,3
602,5
603,5
604,8
605,6
606,7
607,4
608,9
609,4
610,2
611,12
612,5
613,13
614,9
615,10
616,1
617,6
618,12
619,13
620,6
621,9
622,4
623,8
624,11
625,4
626,4
627,10
628,3
629,5
630,4
631,0
632,2
633,8
634,11
635,13
636,5
637,10
638,6
639,8
640,10
641,10
642,5
643,4
644,10
645,3
646,3
647,7
648,10
649,11
650,2
651,3
652,13
653,10
654,5
655,11
656,5
657,8
658,11
659,11
660,8
661,4
662,11
663,6
664,0
665,10
666,2
667,16
668,17
669,7
670,3
671,11
672,16
673,12
674,5
675,3
676,7
677,4
678,3
679,10
680,12
681,3
682,1
683,5
684,9
685,12
686,14
687,9
688,12
689,2
690,3
691,4
692,11
693,9
694,3
695,5
696,12
697,11
698,3
699,6
700,11
701,5
702,15
703,2
704,14
705,11
706,7
707,14
708,4
709,10
710,4
711,10
712,8
713,2
714,8
715,3
716,9
717,5
718,16
719,9
720,1
721,2
722,14
723,8
724,5
725,8
726,3
727,6
728,11
729,4
730,2
731,4
732,7
733,2
734,3
735,9
736,11
737,9
738,8
739,1
740,8
741,6
742,9
743,4
744,8
745,6
746,3
747,1
748,2
749,1
750,5
751,9
752,2
753,7
754,1
755,3
756,4
757,5
758,8
759,12
760,1
761,3
762,7
763,2
764,2
765,4
766,4
767,13
768,9
769,12
770,1
771,2
772,9
773,8
774,6
775,2
776,7
777,7
778,4
779,12
780,9
781,5
782,3
783,7
784,8
785,4
786,3
787,2
788,10
789,3
790,10
791,2
792,2
793,12
794,11
795,11
796,10
797,16
798,3
799,15
800,4
801,6
802,9
803,2
804,9
805,1
806,3
807,6
808,3
809,13
810,2
811,0
812,4
813,2
814,7
815,11
816,7
817,10
818,4
819,9
820,1
821,6
822,8
823,2
824,3
825,7
826,11
827,5
828,2
829,4
830,9
831,6
832,8
833,1
834,12
835,3
836,8
837,9
838,12
839,1
840,8
841,12
842,5
843,11
844,5
845,2
846,14
847,9
848,6
849,4
850,7
851,12
852,12
853,0
854,2
855,9
856,5
857,0
858,10
859,7
860,13
861,2
862,3
863,4
864,6
865,11
866,10
867,6
868,9
869,10
870,4
871,13
872,9
873,17
874,14
875,6
876,8
877,17
878,9
879,4
880,2
881,12
882,7
883,3
884,10
885,2
886,4
887,8
888,3
889,2
890,3
891,13
892,10
893,7
894,10
895,5
896,16
897,3
898,10
899,8
900,4
901,2
902,9
903,4
904,1
905,11
906,6
907,9
908,2
909,7
910,12
911,10
912,17
913,11
914,6
915,4
916,15
917,16
918,4
919,11
920,10
921,11
922,11
923,2
924,2
925,18
926,4
927,11
928,2
929,9
930,2
931,5
932,10
933,6
934,15
935,4
936,7
937,5
938,9
939,2
940,6
941,6
942,12
943,3
944,7
945,5
946,9
947,7
948,8
949,0
950,1
951,9
952,11
953,7
954,15
955,3
956,4
957,13
958,2
959,3
960,2
961,0
962,17
963,6
964,10
965,3
966,16
967,3
968,12
969,10
970,6
971,13
972,6
973,17
974,5
975,9
976,5
977,7
978,1
979,2
980,8
981,10
982,3
983,3
984,5
985,4
986,4
987,13
988,4
989,1
990,13
991,4
992,2
993,0
994,13
995,3
996,6
997,4
998,13
999,4
1000,12
1001,6
1002,9
1003,2
1004,2
1005,4
1006,1
1007,2
1008,4
1009,2
1010,11
1011,10
1012,8
1013,7
1014,10
1015,2
1016,13
1017,17
1018,4
1019,13
1020,5
1021,2
1022,8
1023,0
1024,15
1025,1
1026,4
1027,4
1028,3
1029,5
1030,9
1031,10
1032,4
1033,11
1034,13
1035,7
1036,8
1037,6
1038,5
1039,9
1040,3
1041,3
1042,0
1043,1
1044,10
1045,2
1046,4
1047,15
1048,3
1049,8
1050,3
1051,9
1052,9
1053,6
1054,11
1055,11
1056,5
1057,1
1058,4
1059,8
1060,4
1061,2
1062,0
1063,3
1064,2
1065,7
1066,13
1067,6
1068,11
1069,2
1070,2
1071,3
1072,3
1073,10
1074,3
1075,7
1076,11
1077,7
1078,5
1079,13
1080,6
1081,4
1082,7
1083,4
1084,13
1085,12
1086,1
1087,8
1088,10
1089,2
1090,9
1091,1
1092,7
1093,8
1094,10
1095,9
1096,12
1097,12
1098,2
1099,17
1100,4
1101,10
1102,1
1103,1
1104,7
1105,1
1106,0
1107,1
1108,0
1109,4
1110,1
1111,12
1112,4
1113,8
1114,2
1115,9
1116,16
1117,1
1118,15
1119,6
1120,8
1121,11
1122,3
1123,7
1124,9
1125,18
1126,1
1127,11
1128,13
1129,4
1130,5
1131,2
1132,16
1133,7
1134,8
1135,4
1136,8
1137,1
1138,8
1139,7
1140,10
1141,18
1142,9
1143,9
1144,7
1145,14
1146,7
1147,1
1148,3
1149,7
1150,10
1151,1
1152,3
1153,4
1154,1
1155,10
1156,1
1157,11
1158,10
1159,10
1160,3
1161,7
1162,14
1163,9
1164,9
1165,4
1166,2
1167,4
1168,11
1169,3
1170,0
1171,13
1172,4
1173,1
1174,13
1175,6
1176,2
1177,12
1178,12
1179,8
1180,7
1181,12
1182,8
1183,6
1184,11
1185,7
1186,11
1187,4
1188,4
1189,3
1190,12
1191,8
1192,4
1193,1
1194,12
1195,2
1196,3
1197,1
1198,6
1199,6
1200,7
1201,2
1202,11
1203,10
1204,2
1205,5
1206,9
1207,10
1208,4
1209,14
1210,3
1211,10
1212,4
1213,1
1214,4
1215,12
1216,13
1217,4
1218,12
1219,17
1220,4
1221,4
1222,9
1223,4
1224,11
1225,2
1226,12
1227,18
1228,5
1229,14
1230,6
1231,8
1232,8
1233,5
1234,9
1235,1
1236,5
1237,0
1238,13
1239,6
1240,11
1241,10
1242,1
1243,15
1244,2
1245,9
1246,4
1247,2
1248,8
1249,7
1250,6
1251,7
1252,2
1253,10
1254,4
1255,3
1256,9
1257,0
1258,13
1259,7
1260,1
1261,4
1262,11
1263,4
1264,5
1265,10
1266,14
1267,9
1268,4
1269,13
1270,12
1271,5
1272,14
1273,7
1274,13
1275,7
1276,4
1277,3
1278,2
1279,7
1280,1
1281,9
1282,0
1283,1
1284,8
1285,6
1286,2
1287,9
1288,10
1289,3
1290,6
1291,10
1292,12
1293,1
1294,4
1295,17
1296,10
1297,10
1298,8
1299,11
1300,7
1301,14
1302,9
1303,7
1304,2
1305,6
1306,10
1307,11
1308,6
1309,9
1310,7
1311,12
1312,14
1313,3
1314,1
1315,11
1316,4
1317,1
1318,11
1319,10
1320,7
1321,8
1322,7
1323,7
1324,14
1325,19
1326,6
1327,7
1328,6
1329,6
1330,11
1331,6
1332,8
1333,9
1334,13
1335,10
1336,10
1337,13
1338,9
1339,12
1340,9
1341,10
1342,7
1343,9
1344,11
1345,14
1346,7
1347,4
1348,10
1349,16
1350,7
1351,11
1352,12
1353,10
1354,7
1355,5
1356,13
1357,2
1358,9
1359,15
1360,3
1361,8
1362,6
1363,3
1364,8
1365,3
1366,13
1367,8
1368,11
1369,3
1370,1
1371,1
1372,12
1373,2
1374,18
1375,6
1376,8
1377,2
1378,2
1379,8
1380,1
1381,0
1382,6
1383,9
1384,6
1385,2
1386,5
1387,2
1388,1
1389,8
1390,9
1391,5
1392,7
1393,2
1394,9
1395,4
1396,0
1397,7
1398,15
1399,5
1400,7
1401,3
1402,14
1403,3
1404,15
1405,6
1406,4
1407,10
1408,1
1409,7
1410,15
1411,6
1412,6
1413,10
1414,3
1415,9
1416,5
1417,10
1418,8
1419,7
1420,10
1421,13
1422,10
1423,1
1424,14
1425,7
1426,11
1427,9
1428,4
1429,3
1430,0
1431,8
1432,14
1433,11
1434,12
1435,6
1436,3
1437,2
1438,14
1439,9
1440,1
1441,6
1442,1
1443,12
1444,4
1445,4
1446,10
1447,2
1448,10
1449,10
1450,9
1451,19
1452,5
1453,12
1454,7
1455,2
1456,4
1457,1
1458,1
1459,2
1460,1
1461,9
1462,12
1463,6
1464,7
1465,24
1466,12
1467,4
1468,4
1469,13
1470,8
1471,7
1472,6
1473,5
1474,10
1475,11
1476,3
1477,3
1478,10
1479,7
1480,3
1481,7
1482,3
1483,0
1484,10
1485,3
1486,12
1487,11
1488,13
1489,2
1490,5
1491,1
1492,9
1493,9
1494,13
1495,13
1496,7
1497,7
1498,2
1499,3
1500,12
1501,4
1502,5
1503,13
1504,9
1505,1
1506,10
1507,5
1508,10
1509,3
1510,3
1511,4
1512,11
1513,10
1514,16
1515,2
1516,2
1517,11
1518,2
1519,5
1520,8
1521,3
1522,2
1523,11
1524,1
1525,2
1526,13
1527,13
1528,0
1529,6
1530,7
1531,5
1532,8
1533,6
1534,10
1535,1
1536,4
1537,10
1538,1
1539,0
1540,11
1541,13
1542,17
1543,6
1544,19
1545,4
1546,3
1547,11
1548,5
1549,2
1550,8
1551,1
1552,4
1553,4
1554,12
1555,10
1556,10
1557,9
1558,9
1559,14
1560,6
1561,0
1562,9
1563,4
1564,7
1565,12
1566,16
1567,3
1568,7
1569,2
1570,15
1571,12
1572,13
1573,5
1574,3
1575,4
1576,11
1577,8
1578,1
1579,8
1580,1
1581,8
1582,10
1583,1
1584,13
1585,6
1586,11
1587,9
1588,9
1589,5
1590,7
1591,12
1592,17
1593,2
1594,2
1595,3
1596,2
1597,2
1598,12
1599,3
1600,1
1601,7
1602,4
1603,2
1604,2
1605,2
1606,8
1607,4
1608,12
1609,13
1610,13
1611,9
1612,3
1613,0
1614,4
1615,3
1616,10
1617,3
1618,2
1619,9
1620,6
1621,5
1622,14
1623,2
1624,11
1625,3
1626,6
1627,9
1628,10
1629,11
1630,14
1631,4
1632,8
1633,2
1634,3
1635,4
1636,14
1637,13
1638,8
1639,6
1640,3
1641,9
1642,5
1643,1
1644,6
1645,1
1646,8
1647,3
1648,7
1649,3
1650,0
1651,5
1652,1
1653,4
1654,6
1655,10
1656,8
1657,10
1658,4
1659,12
1660,1
1661,13
1662,7
1663,12
1664,3
1665,12
1666,17
1667,0
1668,12
1669,11
1670,10
1671,3
1672,3
1673,3
1674,2
1675,1
1676,2
1677,14
1678,11
1679,6
1680,2
1681,17
1682,4
1683,12
1684,10
1685,5
1686,5
1687,15
1688,12
1689,3
1690,13
1691,9
1692,6
1693,1
1694,4
1695,6
1696,3
1697,2
1698,0
1699,14
1700,4
1701,9
1702,15
1703,8
1704,10
1705,3
1706,3
1707,18
1708,1
1709,0
1710,15
1711,7
1712,5
1713,2
1714,8
1715,14
1716,11
1717,2
1718,11
1719,7
1720,5
1721,1
1722,10
1723,8
1724,17
1725,12
1726,1
1727,12
1728,17
1729,12
1730,12
1731,7
1732,5
1733,1
1734,5
1735,12
1736,10
1737,4
1738,7
1739,1
1740,15
1741,2
1742,8
1743,13
1744,16
1745,9
1746,13
1747,5
1748,3
1749,6
1750,10
1751,6
1752,4
1753,1
1754,6
1755,12
1756,4
1757,5
1758,1
1759,2
1760,12
1761,5
1762,4
1763,9
1764,11
1765,4
1766,18
1767,11
1768,12
1769,4
1770,4
1771,4
1772,7
1773,9
1774,12
1775,7
1776,0
1777,12
1778,4
1779,6
1780,9
1781,8
1782,11
1783,4
1784,9
1785,5
1786,8
1787,14
1788,9
1789,2
1790,14
1791,2
1792,9
1793,9
1794,2
1795,11
1796,3
1797,8
1798,9
1799,6
1800,9
1801,11
1802,2
1803,14
1804,6
1805,2
1806,3
1807,3
1808,3
1809,9
1810,9
1811,10
1812,4
1813,3
1814,2
1815,8
1816,14
1817,9
1818,13
1819,6
1820,10
1821,10
1822,7
1823,4
1824,12
1825,17
1826,8
1827,6
1828,5
1829,9
1830,2
1831,10
1832,4
1833,1
1834,1
1835,5
1836,10
1837,5
1838,5
1839,3
1840,3
1841,2
1842,7
1843,5
1844,8
1845,14
1846,5
1847,8
1848,3
1849,6
1850,4
1851,2
1852,11
1853,9
1854,3
1855,10
1856,4
1857,10
1858,2
1859,2
1860,1
1861,4
1862,12
1863,10
1864,2
1865,11
1866,5
1867,6
1868,1
1869,11
1870,5
1871,3
1872,3
1873,3
1874,7
1875,10
1876,6
1877,5
1878,12
1879,8
1880,5
1881,14
1882,5
1883,3
1884,8
1885,5
1886,3
1887,5
1888,4
1889,3
1890,4
1891,6
1892,4
1893,11
1894,4
1895,9
1896,8
1897,2
1898,9
1899,9
1900,9
1901,9
1902,9
1903,9
1904,13
1905,4
1906,8
1907,2
1908,8
1909,0
1910,8
1911,5
1912,4
1913,5
1914,8
1915,11
1916,12
1917,2
1918,13
1919,11
1920,5
1921,4
1922,9
1923,3
1924,3
1925,7
1926,3
1927,7
1928,1
1929,10
1930,5
1931,2
1932,8
1933,4
1934,8
1935,8
1936,8
1937,9
1938,2
1939,15
1940,4
1941,6
1942,12
1943,5
1944,6
1945,5
1946,7
1947,4
1948,2
1949,12
1950,7
1951,6
1952,3
1953,6
1954,10
1955,7
1956,4
1957,10
1958,7
1959,11
1960,17
1961,13
1962,1
1963,1
1964,8
1965,11
1966,9
1967,4
1968,14
1969,9
1970,2
1971,0
1972,12
1973,5
1974,4
1975,8
1976,7
1977,10
1978,2
1979,12
1980,3
1981,7
1982,2
1983,5
1984,1
1985,9
1986,6
1987,1
1988,15
1989,5
1990,2
1991,12
1992,4
1993,7
1994,9
1995,7
1996,2
1997,6
1998,13
1999,5
2000,19
2001,1
2002,15
2003,3
2004,15
2005,8
2006,5
2007,5
2008,14
2009,7
2010,5
2011,2
2012,7
2013,15
2014,7
2015,17
2016,1
2017,10
2018,6
2019,4
2020,7
2021,10
2022,2
2023,10
2024,3
2025,11
2026,13
2027,6
2028,1
2029,17
2030,12
2031,5
2032,4
2033,12
2034,7
2035,12
2036,5
2037,9
2038,16
2039,14
2040,13
2041,10
2042,13
2043,3
2044,3
2045,17
2046,2
2047,7
2048,2
2049,15
2050,11
2051,5
2052,7
2053,5
2054,9
2055,14
2056,11
2057,4
2058,4
2059,2
2060,10
2061,9
2062,9
2063,8
2064,12
2065,7
2066,6
2067,5
2068,10
2069,1
2070,9
2071,13
2072,7
2073,11
2074,9
2075,7
2076,2
2077,6
2078,3
2079,12
2080,1
2081,2
2082,3
2083,14
2084,10
2085,11
2086,11
2087,10
2088,7
2089,12
2090,9
2091,3
2092,10
2093,5
2094,11
2095,7
2096,3
2097,0
2098,11
2099,6
2100,6
2101,8
2102,11
2103,10
2104,10
2105,10
2106,8
2107,9
2108,12
2109,10
2110,4
2111,6
2112,6
2113,0
2114,3
2115,7
2116,3
2117,4
2118,8
2119,6
2120,2
2121,8
2122,11
2123,4
2124,3
2125,6
2126,14
2127,11
2128,9
2129,13
2130,4
2131,17
2132,2
2133,9
2134,8
2135,4
2136,9
2137,4
2138,5
2139,14
2140,3
2141,10
2142,3
2143,7
2144,13
2145,8
2146,14
2147,15
2148,5
2149,5
2150,11
2151,0
2152,12
2153,4
2154,9
2155,9
2156,1
2157,14
2158,4
2159,17
2160,0
2161,20
2162,9
2163,2
2164,4
2165,14
2166,5
2167,14
2168,10
2169,1
2170,9
2171,6
2172,9
2173,11
2174,3
2175,0
2176,11
2177,2
2178,5
2179,7
2180,12
2181,3
2182,11
2183,4
2184,11
2185,4
2186,10
2187,3
2188,9
2189,13
2190,2
2191,12
2192,13
2193,5
2194,14
2195,4
2196,7
2197,9
2198,8
2199,3
2200,5
2201,7
2202,16
2203,9
2204,8
2205,1
2206,3
2207,4
2208,2
2209,2
2210,4
2211,3
2212,4
2213,1
2214,4
2215,1
2216,13
2217,6
2218,1
2219,8
2220,2
2221,7
2222,6
2223,8
2224,8
2225,2
2226,3
2227,9
2228,3
2229,3
2230,8
2231,9
2232,10
2233,13
2234,2
2235,3
2236,8
2237,7
2238,15
2239,8
2240,9
2241,3
2242,9
2243,13
2244,10
2245,1
2246,3
2247,0
2248,2
2249,3
2250,13
2251,10
2252,2
2253,6
2254,3
2255,15
2256,10
2257,6
2258,13
2259,4
2260,1
2261,9
2262,5
2263,2
2264,1
2265,13
2266,4
2267,8
2268,8
2269,4
2270,4
2271,12
2272,12
2273,16
2274,6
2275,5
2276,8
2277,6
2278,4
2279,7
2280,2
2281,1
2282,3
2283,1
2284,8
2285,14
2286,9
2287,7
2288,2
2289,5
2290,1
2291,1
2292,8
2293,10
2294,15
2295,4
2296,0
2297,13
2298,5
2299,13
2300,5
2301,2
2302,9
2303,8
2304,7
2305,12
2306,3
2307,1
2308,8
2309,8
2310,4
2311,2
2312,9
2313,9
2314,13
2315,3
2316,8
2317,4
2318,10
2319,5
2320,15
2321,2
2322,8
2323,5
2324,4
2325,8
2326,15
2327,11
2328,4
2329,8
2330,8
2331,1
2332,4
2333,7
2334,11
2335,14
2336,11
2337,11
2338,0
2339,13
2340,7
2341,6
2342,11
2343,3
2344,11
2345,2
2346,0
2347,3
2348,10
2349,2
2350,8
2351,8
2352,14
2353,3
2354,2
2355,2
2356,12
2357,3
2358,13
2359,7
2360,11
2361,9
2362,2
2363,3
2364,6
2365,8
2366,6
2367,15
2368,12
2369,15
2370,2
2371,2
2372,2
2373,5
2374,8
2375,16
2376,9
2377,18
2378,11
2379,11
2380,2
2381,8
2382,13
2383,2
2384,7
2385,3
2386,11
2387,10
2388,10
2389,11
2390,3
2391,3
2392,1
2393,10
2394,0
2395,8
2396,11
2397,9
2398,0
2399,8
2400,6
2401,5
2402,8
2403,6
2404,0
2405,6
2406,1
2407,12
2408,7
2409,11
2410,3
2411,11
2412,6
2413,8
2414,13
2415,8
2416,2
2417,0
2418,8
2419,3
2420,1
2421,10
2422,4
2423,1
2424,9
2425,8
2426,10
2427,8
2428,14
2429,13
2430,4
2431,1
2432,9
2433,17
2434,15
2435,5
2436,6
2437,8
2438,5
2439,7
2440,1
2441,1
2442,7
2443,17
2444,4
2445,8
2446,7
2447,2
2448,10
2449,7
2450,3
2451,8
2452,3
2453,14
2454,6
2455,6
2456,7
2457,3
2458,9
2459,8
2460,5
2461,3
2462,13
2463,1
2464,2
2465,11
2466,3
2467,11
2468,7
2469,11
2470,14
2471,10
2472,5
2473,7
2474,7
2475,7
2476,12
2477,8
2478,6
2479,3
2480,12
2481,5
2482,9
2483,7
2484,7
2485,3
2486,4
2487,4
2488,12
2489,8
2490,1
2491,12
2492,7
2493,4
2494,12
2495,12
2496,5
2497,4
2498,3
2499,18
2500,9
2501,11
2502,4
2503,14
2504,3
2505,3
2506,16
2507,14
2508,12
2509,8
2510,1
2511,4
2512,2
2513,11
2514,12
2515,4
2516,13
2517,1
2518,1
2519,5
2520,1
2521,13
2522,10
2523,12
2524,0
2525,4
2526,10
2527,4
2528,5
2529,8
2530,11
2531,12
2532,0
2533,9
2534,2
2535,5
2536,8
2537,6
2538,16
2539,8
2540,10
2541,12
2542,9
2543,7
2544,12
2545,7
2546,10
2547,2
2548,15
2549,3
2550,13
2551,2
2552,12
2553,11
2554,4
2555,2
2556,4
2557,11
2558,3
2559,0
2560,5
2561,9
2562,1
2563,8
2564,1
2565,12
2566,2
2567,5
2568,3
2569,8
2570,9
2571,8
2572,8
2573,9
2574,7
2575,8
2576,6
2577,10
2578,17
2579,2
2580,4
2581,2
2582,14
2583,2
2584,2
2585,4
2586,9
2587,6
2588,4
2589,4
2590,2
2591,9
2592,8
2593,10
2594,2
2595,8
2596,9
2597,2
2598,1
2599,3
2600,12
2601,6
2602,10
2603,18
2604,4
2605,6
2606,12
2607,1
2608,5
2609,2
2610,5
2611,12
2612,8
2613,13
2614,2
2615,11
2616,10
2617,15
2618,16
2619,10
2620,1
2621,9
2622,1
2623,5
2624,11
2625,9
2626,2
2627,14
2628,7
2629,4
2630,6
2631,13
2632,4
2633,8
2634,12
2635,9
2636,10
2637,6
2638,3
2639,8
2640,16
2641,1
2642,5
2643,2
2644,9
2645,8
2646,2
2647,16
2648,5
2649,3
2650,6
2651,15
2652,3
2653,10
2654,6
2655,3
2656,17
2657,8
2658,14
2659,1
2660,3
2661,3
2662,5
2663,2
2664,0
2665,1
2666,3
2667,2
2668,5
2669,7
2670,4
2671,8
2672,4
2673,13
2674,1
2675,9
2676,7
2677,4
2678,13
2679,9
2680,5
2681,9
2682,16
2683,7
2684,2
2685,9
2686,13
2687,15
2688,7
2689,1
2690,12
2691,1
2692,2
2693,13
2694,13
2695,5
2696,9
2697,3
2698,10
2699,8
2700,4
2701,5
2702,6
2703,9
2704,6
2705,0
2706,12
2707,8
2708,3
2709,8
2710,2
2711,13
2712,5
2713,0
2714,9
2715,3
2716,8
2717,2
2718,3
2719,8
2720,15
2721,8
2722,2
2723,3
2724,2
2725,2
2726,8
2727,4
2728,5
2729,2
2730,4
2731,2
2732,4
2733,9
2734,11
2735,6
2736,7
2737,14
2738,7
2739,1
2740,7
2741,9
2742,4
2743,12
2744,5
2745,5
2746,7
2747,12
2748,12
2749,8
2750,8
2751,12
2752,9
2753,12
2754,8
2755,5
2756,8
2757,7
2758,14
2759,2
2760,1
2761,11
2762,2
2763,3
2764,14
2765,3
2766,2
2767,11
2768,8
2769,15
2770,11
2771,7
2772,1
2773,13
2774,12
2775,5
2776,2
2777,9
2778,3
2779,12
2780,2
2781,6
2782,5
2783,6
2784,7
2785,13
2786,8
2787,9
2788,10
2789,10
2790,4
2791,3
2792,5
2793,9
2794,7
2795,3
2796,5
2797,10
2798,3
2799,2
2800,10
2801,8
2802,10
2803,1
2804,10
2805,12
2806,3
2807,11
2808,1
2809,2
2810,11
2811,2
2812,3
2813,19
2814,12
2815,10
2816,9
2817,7
2818,6
2819,7
2820,7
2821,13
2822,12
2823,10
2824,11
2825,3
2826,9
2827,6
2828,3
2829,3
2830,9
2831,6
2832,12
2833,11
2834,11
2835,1
2836,4
2837,13
2838,16
2839,10
2840,6
2841,0
2842,13
2843,11
2844,12
2845,3
2846,11
2847,7
2848,5
2849,9
2850,6
2851,11
2852,17
2853,10
2854,14
2855,4
2856,4
2857,5
2858,10
2859,8
2860,12
2861,8
2862,7
2863,7
2864,3
2865,5
2866,9
2867,11
2868,16
2869,10
2870,2
2871,16
2872,15
2873,11
2874,10
2875,8
2876,5
2877,10
2878,11
2879,5
2880,13
2881,10
2882,6
2883,2
2884,13
2885,2
2886,11
2887,1
2888,2
2889,2
2890,1
2891,1
2892,8
2893,11
2894,12
2895,11
2896,2
2897,8
2898,3
2899,3
2900,10
2901,7
2902,6
2903,4
2904,13
2905,10
2906,3
2907,8
2908,2
2909,11
2910,2
2911,10
2912,8
2913,2
2914,14
2915,9
2916,8
2917,8
2918,2
2919,14
2920,3
2921,4
2922,7
2923,8
2924,7
2925,3
2926,12
2927,3
2928,3
2929,3
2930,4
2931,11
2932,2
2933,8
2934,3
2935,11
2936,9
2937,12
2938,12
2939,7
2940,10
2941,7
2942,7
2943,2
2944,8
2945,8
2946,9
2947,2
2948,8
2949,6
2950,13
2951,15
2952,7
2953,6
2954,15
2955,11
2956,9
2957,14
2958,1
2959,14
2960,6
2961,5
2962,3
2963,8
2964,7
2965,1
2966,2
2967,2
2968,5
2969,2
2970,4
2971,14
2972,12
2973,11
2974,3
2975,10
2976,7
2977,9
2978,12
2979,16
2980,1
2981,11
2982,4
2983,16
2984,1
2985,2
2986,11
2987,2
2988,13
2989,2
2990,5
2991,16
2992,10
2993,3
2994,2
2995,15
2996,12
2997,8
2998,10
2999,12
3000,10
3001,15
3002,16
3003,10
3004,1
3005,1
3006,5
3007,0
3008,3
3009,2
3010,2
3011,6
3012,13
3013,15
3014,2
3015,13
3016,12
3017,11
3018,13
3019,5
3020,14
3021,6
3022,11
3023,8
3024,2
3025,6
3026,6
3027,5
3028,17
3029,5
3030,2
3031,4
3032,5
3033,13
3034,0
3035,4
3036,8
3037,7
3038,13
3039,14
3040,8
3041,4
3042,10
3043,0
3044,15
3045,3
3046,14
3047,10
3048,6
3049,3
3050,10
3051,10
3052,11
3053,3
3054,1
3055,6
3056,4
3057,10
3058,7
3059,11
3060,14
3061,14
3062,2
3063,10
3064,2
3065,4
3066,5
3067,4
3068,16
3069,13
3070,6
3071,4
3072,10
3073,0
3074,12
3075,15
3076,12
3077,8
3078,10
3079,0
3080,10
3081,7
3082,6
3083,11
3084,10
3085,13
3086,1
3087,3
3088,8
3089,2
3090,8
3091,15
3092,12
3093,6
3094,12
3095,2
3096,5
3097,10
3098,14
3099,12
3100,3
3101,8
3102,1
3103,7
3104,3
3105,15
3106,9
3107,9
3108,11
3109,11
3110,4
3111,4
3112,17
3113,11
3114,2
3115,4
3116,18
3117,3
3118,7
3119,5
3120,5
3121,9
3122,4
3123,14
3124,2
3125,15
3126,9
3127,5
3128,6
3129,10
3130,10
3131,7
3132,17
3133,4
3134,0
3135,7
3136,10
3137,2
3138,15
3139,4
3140,10
3141,2
3142,4
3143,13
3144,4
3145,12
3146,5
3147,13
3148,12
3149,4
3150,13
3151,17
3152,9
3153,7
3154,12
3155,3
3156,5
3157,9
3158,12
3159,3
3160,20
3161,10
3162,10
3163,5
3164,12
3165,5
3166,7
3167,10
3168,8
3169,0
3170,1
3171,9
3172,13
3173,4
3174,6
3175,7
3176,6
3177,1
3178,4
3179,2
3180,13
3181,8
3182,7
3183,1
3184,1
3185,4
3186,7
3187,9
3188,8
3189,8
3190,2
3191,2
3192,1
3193,11
3194,4
3195,4
3196,13
3197,6
3198,13
3199,10
3200,1
3201,9
3202,14
3203,2
3204,7
3205,8
3206,6
3207,2
3208,3
3209,9
3210,3
3211,11
3212,13
3213,2
3214,11
3215,9
3216,1
3217,9
3218,9
3219,11
3220,7
3221,8
3222,12
3223,10
3224,15
3225,16
3226,12
3227,2
3228,22
3229,12
3230,0
3231,10
3232,2
3233,0
3234,8
3235,10
3236,1
3237,14
3238,9
3239,4
3240,9
3241,12
3242,7
3243,4
3244,15
3245,2
3246,0
3247,8
3248,18
3249,3
3250,12
3251,11
3252,5
3253,4
3254,3
3255,9
3256,4
3257,7
3258,14
3259,4
3260,4
3261,11
3262,8
3263,9
3264,11
3265,8
3266,13
3267,1
3268,4
3269,3
3270,6
3271,2
3272,1
3273,17
3274,1
3275,3
3276,2
3277,9
3278,13
3279,2
3280,14
3281,8
3282,14
3283,8
3284,12
3285,12
3286,4
3287,2
3288,5
3289,9
3290,8
3291,11
3292,6
3293,8
3294,12
3295,11
3296,6
3297,8
3298,8
3299,9
3300,7
3301,4
3302,3
3303,8
3304,1
3305,6
3306,3
3307,16
3308,1
3309,4
3310,10
3311,3
3312,3
3313,5
3314,4
3315,3
3316,18
3317,7
3318,9
3319,6
3320,5
3321,2
3322,8
3323,3
3324,17
3325,12
3326,11
3327,9
3328,1
3329,15
3330,7
3331,2
3332,8
3333,9
3334,10
3335,6
3336,3
3337,2
3338,10
3339,8
3340,2
3341,3
3342,14
3343,2
3344,4
3345,3
3346,5
3347,9
3348,11
3349,3
3350,3
3351,0
3352,8
3353,4
3354,11
3355,11
3356,1
3357,2
3358,3
3359,14
3360,9
3361,8
3362,11
3363,1
3364,6
3365,8
3366,4
3367,5
3368,15
3369,11
3370,9
3371,8
3372,5
3373,3
3374,11
3375,7
3376,8
3377,8
3378,13
3379,13
3380,15
3381,5
3382,3
3383,2
3384,8
3385,3
3386,7
3387,4
3388,1
3389,9
3390,13
3391,5
3392,13
3393,11
3394,5
3395,1
3396,13
3397,9
3398,1
3399,9
3400,15
3401,6
3402,8
3403,3
3404,3
3405,9
3406,12
3407,12
3408,15
3409,2
3410,7
3411,8
3412,4
3413,2
3414,7
3415,10
3416,5
3417,11
3418,8
3419,3
3420,4
3421,8
3422,13
3423,1
3424,7
3425,8
3426,12
3427,5
3428,15
3429,2
3430,12
3431,12
3432,9
3433,9
3434,1
3435,3
3436,11
3437,5
3438,9
3439,15
3440,10
3441,11
3442,11
3443,8
3444,9
3445,10
3446,2
3447,6
3448,10
3449,11
3450,5
3451,3
3452,1
3453,2
3454,2
3455,5
3456,11
3457,15
3458,14
3459,5
3460,1
3461,13
3462,11
3463,4
3464,13
3465,3
3466,12
3467,13
3468,5
3469,12
3470,4
3471,6
3472,14
3473,18
3474,7
3475,17
3476,4
3477,16
3478,5
3479,8
3480,12
3481,3
3482,2
3483,14
3484,1
3485,11
3486,3
3487,2
3488,3
3489,10
3490,7
3491,1
3492,5
3493,12
3494,3
3495,7
3496,2
3497,11
3498,4
3499,12
3500,9
3501,13
3502,4
3503,11
3504,5
3505,3
3506,4
3507,8
3508,1
3509,11
3510,5
3511,12
3512,10
3513,8
3514,1
3515,8
3516,4
3517,11
3518,12
3519,2
3520,12
3521,4
3522,8
3523,7
3524,4
3525,2
3526,7
3527,10
3528,4
3529,17
3530,4
3531,5
3532,9
3533,6
3534,19
3535,8
3536,13
3537,1
3538,3
3539,6
3540,8
3541,6
3542,4
3543,1
3544,1
3545,15
3546,7
3547,3
3548,2
3549,10
3550,3
3551,10
3552,2
3553,12
3554,8
3555,14
3556,0
3557,2
3558,12
3559,10
3560,5
3561,4
3562,15
3563,9
3564,4
3565,6
3566,16
3567,13
3568,2
3569,6
3570,0
3571,4
3572,1
3573,11
3574,7
3575,4
3576,10
3577,2
3578,9
3579,5
3580,2
3581,7
3582,4
3583,8
3584,10
3585,15
3586,9
3587,2
3588,0
3589,8
3590,3
3591,14
3592,1
3593,4
3594,3
3595,10
3596,1
3597,13
3598,14
3599,17
3600,13
3601,3
3602,12
3603,3
3604,4
3605,3
3606,10
3607,8
3608,7
3609,14
3610,11
3611,7
3612,8
3613,8
3614,10
3615,15
3616,5
3617,6
3618,14
3619,11
3620,3
3621,14
3622,12
3623,12
3624,11
3625,2
3626,4
3627,8
3628,2
3629,4
3630,9
3631,7
3632,5
3633,2
3634,17
3635,3
3636,13
3637,3
3638,6
3639,9
3640,7
3641,8
3642,10
3643,4
3644,7
3645,4
3646,6
3647,7
3648,1
3649,9
3650,4
3651,4
3652,8
3653,7
3654,8
3655,5
3656,2
3657,12
3658,3
3659,1
3660,9
3661,14
3662,11
3663,4
3664,2
3665,2
3666,7
3667,4
3668,11
3669,7
3670,7
3671,5
3672,2
3673,0
3674,6
3675,1
3676,6
3677,8
3678,11
3679,3
3680,9
3681,5
3682,6
3683,4
3684,6
3685,16
3686,10
3687,9
3688,7
3689,3
3690,8
3691,6
3692,2
3693,1
3694,2
3695,4
3696,10
3697,7
3698,9
3699,14
3700,12
3701,6
3702,9
3703,6
3704,9
3705,5
3706,5
3707,7
3708,13
3709,2
3710,8
3711,1
3712,4
3713,12
3714,6
3715,12
3716,11
3717,15
3718,1
3719,8
3720,7
3721,10
3722,3
3723,7
3724,15
3725,2
3726,4
3727,11
3728,7
3729,8
3730,7
3731,2
3732,2
3733,11
3734,6
3735,9
3736,8
3737,0
3738,6
3739,7
3740,2
3741,8
3742,2
3743,2
3744,15
3745,6
3746,9
3747,2
3748,1
3749,0
3750,4
3751,4
3752,7
3753,8
3754,11
3755,9
3756,10
3757,3
3758,2
3759,10
3760,11
3761,12
3762,14
3763,9
3764,5
3765,16
3766,5
3767,10
3768,9
3769,1
3770,12
3771,11
3772,5
3773,17
3774,1
3775,7
3776,18
3777,11
3778,3
3779,1
3780,13
3781,0
3782,4
3783,11
3784,17
3785,10
3786,3
3787,9
3788,6
3789,0
3790,4
3791,10
3792,9
3793,12
3794,3
3795,4
3796,10
3797,3
3798,13
3799,8
3800,3
3801,12
3802,6
3803,9
3804,1
3805,7
3806,12
3807,12
3808,0
3809,2
3810,6
3811,8
3812,3
3813,10
3814,1
3815,11
3816,5
3817,8
3818,12
3819,2
3820,8
3821,5
3822,3
3823,9
3824,9
3825,12
3826,9
3827,13
3828,5
3829,3
3830,4
3831,7
3832,12
3833,3
3834,9
3835,7
3836,4
3837,3
3838,14
3839,1
3840,6
3841,7
3842,1
3843,9
3844,15
3845,8
3846,14
3847,5
3848,3
3849,10
3850,3
3851,3
3852,4
3853,2
3854,2
3855,14
3856,10
3857,12
3858,11
3859,7
3860,13
3861,8
3862,0
3863,15
3864,1
3865,4
3866,8
3867,3
3868,3
3869,8
3870,4
3871,6
3872,13
3873,3
3874,2
3875,19
3876,7
3877,13
3878,2
3879,6
3880,11
3881,11
3882,9
3883,7
3884,1
3885,5
3886,5
3887,11
3888,2
3889,14
3890,3
3891,11
3892,10
3893,3
3894,5
3895,0
3896,9
3897,7
3898,7
3899,11
3900,2
3901,14
3902,9
3903,13
3904,1
3905,7
3906,22
3907,2
3908,5
3909,8
3910,13
3911,9
3912,18
3913,2
3914,1
3915,2
3916,12
3917,8
3918,9
3919,9
3920,8
3921,11
3922,14
3923,9
3924,3
3925,10
3926,2
3927,8
3928,6
3929,11
3930,11
3931,5
3932,5
3933,16
3934,11
3935,2
3936,7
3937,15
3938,15
3939,1
3940,8
3941,8
3942,6
3943,10
3944,12
3945,12
3946,3
3947,2
3948,3
3949,4
3950,14
3951,9
3952,16
3953,4
3954,18
3955,2
3956,10
3957,4
3958,6
3959,2
3960,6
3961,1
3962,12
3963,8
3964,13
3965,11
3966,12
3967,8
3968,11
3969,2
3970,2
3971,5
3972,10
3973,16
3974,7
3975,4
3976,16
3977,11
3978,9
3979,4
3980,6
3981,3
3982,10
3983,5
3984,11
3985,6
3986,0
3987,2
3988,8
3989,8
3990,10
3991,7
3992,4
3993,12
3994,7
3995,16
3996,2
3997,12
3998,12
3999,12
4000,13
4001,12
4002,13
4003,1
4004,7
4005,6
4006,6
4007,7
4008,6
4009,3
4010,12
4011,9
4012,2
4013,2
4014,12
4015,12
4016,3
4017,12
4018,5
4019,7
4020,11
4021,12
4022,8
4023,5
4024,2
4025,5
4026,1
4027,12
4028,18
4029,15
4030,9
4031,2
4032,7
4033,5
4034,3
4035,17
4036,14
4037,3
4038,11
4039,5
4040,3
4041,4
4042,0
4043,18
4044,3
4045,10
4046,3
4047,8
4048,8
4049,9
4050,1
4051,8
4052,3
4053,9
4054,8
4055,10
4056,3
4057,7
4058,7
4059,10
4060,6
4061,9
4062,7
4063,4
4064,6
4065,8
4066,11
4067,7
4068,4
4069,10
4070,16
4071,8
4072,13
4073,4
4074,2
4075,7
4076,7
4077,4
4078,8
4079,1
4080,10
4081,11
4082,10
4083,10
4084,11
4085,12
4086,12
4087,4
4088,12
4089,6
4090,8
4091,4
4092,12
4093,1
4094,8
4095,12
4096,5
4097,12
4098,3
4099,5
4100,1
4101,16
4102,4
4103,1
4104,10
4105,6
4106,14
4107,4
4108,12
4109,9
4110,12
4111,14
4112,10
4113,1
4114,6
4115,13
4116,9
4117,10
4118,4
4119,2
4120,7
4121,12
4122,11
4123,3
4124,14
4125,9
4126,11
4127,4
4128,8
4129,7
4130,12
4131,16
4132,3
4133,5
4134,10
4135,2
4136,10
4137,10
4138,8
4139,1
4140,4
4141,10
4142,3
4143,14
4144,11
4145,6
4146,10
4147,0
4148,3
4149,10
4150,10
4151,14
4152,11
4153,8
4154,3
4155,3
4156,14
4157,2
4158,11
4159,7
4160,9
4161,13
4162,8
4163,1
4164,5
4165,8
4166,8
4167,13
4168,2
4169,10
4170,10
4171,1
4172,13
4173,11
4174,6
4175,4
4176,10
4177,2
4178,1
4179,15
4180,9
4181,9
4182,3
4183,4
4184,11
4185,2
4186,3
4187,5
4188,10
4189,4
4190,8
4191,3
4192,3
4193,13
4194,4
4195,9
4196,4
4197,12
4198,1
4199,0
4200,9
4201,13
4202,4
4203,10
4204,15
4205,12
4206,7
4207,6
4208,12
4209,1
4210,3
4211,11
4212,17
4213,9
4214,13
4215,8
4216,2
4217,5
4218,4
4219,8
4220,9
4221,4
4222,8
4223,3
4224,1
4225,17
4226,2
4227,8
4228,14
4229,8
4230,8
4231,10
4232,6
4233,12
4234,12
4235,8
4236,2
4237,0
4238,14
4239,8
4240,11
4241,10
4242,12
4243,8
4244,11
4245,7
4246,5
4247,10
4248,11
4249,0
4250,6
4251,5
4252,9
4253,12
4254,6
4255,11
4256,10
4257,7
4258,2
4259,8
4260,4
4261,1
4262,1
4263,8
4264,8
4265,12
4266,6
4267,3
4268,9
4269,6
4270,10
4271,2
4272,3
4273,13
4274,6
4275,0
4276,4
4277,7
4278,9
4279,13
4280,1
4281,2
4282,8
4283,3
4284,9
4285,11
4286,6
4287,12
4288,14
4289,10
4290,14
4291,2
4292,16
4293,6
4294,10
4295,3
4296,10
4297,12
4298,6
4299,9
4300,9
4301,8
4302,5
4303,1
4304,6
4305,7
4306,8
4307,7
4308,4
4309,2
4310,6
4311,10
4312,2
4313,10
4314,16
4315,12
4316,7
4317,4
4318,12
4319,3
4320,10
4321,5
4322,6
4323,7
4324,2
4325,11
4326,2
4327,7
4328,4
4329,12
4330,8
4331,4
4332,10
4333,14
4334,12
4335,6
4336,5
4337,5
4338,2
4339,5
4340,7
4341,9
4342,0
4343,7
4344,17
4345,5
4346,11
4347,11
4348,8
4349,4
4350,13
4351,13
4352,0
4353,4
4354,6
4355,2
4356,11
4357,5
4358,3
4359,4
4360,6
4361,11
4362,9
4363,5
4364,10
4365,13
4366,4
4367,11
4368,1
4369,2
4370,9
4371,11
4372,9
4373,7
4374,1
4375,9
4376,16
4377,2
4378,9
4379,7
4380,11
4381,2
4382,6
4383,2
4384,6
4385,2
4386,12
4387,12
4388,6
4389,13
4390,10
4391,15
4392,11
4393,9
4394,9
4395,10
4396,4
4397,14
4398,7
4399,0
4400,6
4401,2
4402,9
4403,8
4404,6
4405,4
4406,3
4407,13
4408,5
4409,12
4410,4
4411,12
4412,4
4413,3
4414,9
4415,16
4416,2
4417,6
4418,10
4419,3
4420,1
4421,10
4422,8
4423,8
4424,9
4425,15
4426,1
4427,3
4428,4
4429,11
4430,8
4431,8
4432,7
4433,15
4434,1
4435,1
4436,12
4437,11
4438,2
4439,7
4440,12
4441,3
4442,5
4443,17
4444,9
4445,11
4446,5
4447,3
4448,4
4449,0
4450,4
4451,12
4452,5
4453,9
4454,0
4455,2
4456,13
4457,9
4458,11
4459,10
4460,5
4461,12
4462,8
4463,7
4464,3
4465,10
4466,1
4467,11
4468,13
4469,6
4470,10
4471,8
4472,13
4473,6
4474,1
4475,8
4476,14
4477,8
4478,2
4479,18
4480,2
4481,8
4482,3
4483,15
4484,3
4485,9
4486,3
4487,11
4488,14
4489,1
4490,11
4491,13
4492,1
4493,19
4494,5
4495,7
4496,2
4497,4
4498,5
4499,4
4500,14
4501,5
4502,1
4503,4
4504,10
4505,5
4506,4
4507,10
4508,3
4509,4
4510,10
4511,15
4512,14
4513,1
4514,10
4515,11
4516,8
4517,10
4518,9
4519,7
4520,7
4521,17
4522,8
4523,3
4524,11
4525,11
4526,8
4527,1
4528,9
4529,15
4530,7
4531,9
4532,1
4533,6
4534,13
4535,3
4536,8
4537,4
4538,9
4539,4
4540,13
4541,0
4542,1
4543,3
4544,10
4545,4
4546,4
4547,6
4548,11
4549,3
4550,3
4551,1
4552,15
4553,12
4554,11
4555,10
4556,11
4557,3
4558,10
4559,14
4560,6
4561,10
4562,10
4563,12
4564,9
4565,3
4566,5
4567,3
4568,4
4569,17
4570,3
4571,6
4572,6
4573,8
4574,8
4575,3
4576,8
4577,11
4578,15
4579,1
4580,7
4581,17
4582,10
4583,14
4584,1
4585,10
4586,12
4587,5
4588,9
4589,3
4590,15
4591,0
4592,6
4593,0
4594,12
4595,14
4596,10
4597,8
4598,9
4599,15
4600,4
4601,3
4602,4
4603,3
4604,15
4605,3
4606,11
4607,13
4608,9
4609,8
4610,9
4611,1
4612,4
4613,9
4614,15
4615,10
4616,11
4617,11
4618,9
4619,2
4620,9
4621,11
4622,2
4623,0
4624,12
4625,6
4626,3
4627,14
4628,4
4629,10
4630,2
4631,13
4632,8
4633,13
4634,3
4635,8
4636,13
4637,11
4638,9
4639,9
4640,10
4641,2
4642,2
4643,8
4644,6
4645,5
4646,11
4647,17
4648,1
4649,1
4650,12
4651,8
4652,11
4653,1
4654,5
4655,2
4656,3
4657,4
4658,4
4659,3
4660,3
4661,8
4662,11
4663,3
4664,5
4665,3
4666,1
4667,2
4668,6
4669,5
4670,3
4671,0
4672,8
4673,6
4674,8
4675,9
4676,9
4677,1
4678,9
4679,2
4680,9
4681,14
4682,9
4683,11
4684,8
4685,9
4686,15
4687,6
4688,3
4689,13
4690,9
4691,1
4692,1
4693,9
4694,7
4695,9
4696,11
4697,11
4698,5
4699,1
4700,6
4701,0
4702,13
4703,10
4704,7
4705,9
4706,1
4707,3
4708,7
4709,3
4710,5
4711,11
4712,3
4713,7
4714,2
4715,1
4716,5
4717,2
4718,9
4719,15
4720,9
4721,12
4722,6
4723,11
4724,2
4725,1
4726,8
4727,4
4728,7
4729,1
4730,1
4731,17
4732,5
4733,2
4734,4
4735,0
4736,4
4737,13
4738,11
4739,6
4740,4
4741,4
4742,4
4743,9
4744,14
4745,12
4746,4
4747,9
4748,12
4749,3
4750,13
4751,14
4752,1
4753,4
4754,1
4755,10
4756,3
4757,4
4758,4
4759,13
4760,5
4761,11
4762,4
4763,14
4764,11
4765,9
4766,11
4767,7
4768,9
4769,3
4770,7
4771,9
4772,17
4773,8
4774,6
4775,3
4776,1
4777,11
4778,9
4779,2
4780,5
4781,9
4782,12
4783,8
4784,6
4785,5
4786,7
4787,13
4788,12
4789,14
4790,12
4791,12
4792,3
4793,5
4794,2
4795,2
4796,4
4797,4
4798,5
4799,14
4800,12
4801,3
4802,9
4803,12
4804,8
4805,10
4806,2
4807,9
4808,7
4809,5
4810,13
4811,2
4812,3
4813,3
4814,3
4815,12
4816,6
4817,4
4818,1
4819,5
4820,2
4821,9
4822,2
4823,5
4824,11
4825,6
4826,11
4827,6
4828,4
4829,15
4830,11
4831,10
4832,4
4833,5
4834,14
4835,11
4836,14
4837,20
4838,2
4839,1
4840,6
4841,11
4842,9
4843,19
4844,4
4845,14
4846,2
4847,10
4848,9
4849,12
4850,18
4851,10
4852,4
4853,2
4854,9
4855,0
4856,1
4857,2
4858,9
4859,1
4860,8
4861,9
4862,10
4863,10
4864,2
4865,12
4866,11
4867,8
4868,11
4869,15
4870,2
4871,1
4872,9
4873,4
4874,4
4875,8
4876,7
4877,1
4878,14
4879,12
4880,3
4881,8
4882,12
4883,10
4884,5
4885,1
4886,10
4887,5
4888,13
4889,18
4890,9
4891,8
4892,11
4893,1
4894,3
4895,10
4896,1
4897,10
4898,9
4899,10
4900,14
4901,7
4902,0
4903,14
4904,2
4905,10
4906,1
4907,10
4908,5
4909,1
4910,7
4911,10
4912,3
4913,2
4914,9
4915,9
4916,3
4917,9
4918,7
4919,10
4920,3
4921,11
4922,0
4923,7
4924,3
4925,4
4926,3
4927,16
4928,13
4929,10
4930,16
4931,11
4932,9
4933,5
4934,4
4935,1
4936,13
4937,12
4938,8
4939,7
4940,14
4941,8
4942,3
4943,3
4944,4
4945,15
4946,1
4947,3
4948,6
4949,0
4950,12
4951,9
4952,10
4953,8
4954,9
4955,7
4956,2
4957,13
4958,3
4959,10
4960,2
4961,3
4962,1
4963,14
4964,1
4965,19
4966,3
4967,12
4968,11
4969,12
4970,11
4971,3
4972,5
4973,9
4974,3
4975,5
4976,9
4977,11
4978,8
4979,11
4980,12
4981,9
4982,10
4983,1
4984,1
4985,15
4986,9
4987,10
4988,10
4989,13
4990,4
4991,4
4992,9
4993,10
4994,1
4995,4
4996,6
4997,4
4998,5
4999,7
5000,2
